<?xml version="1.0" encoding="utf-8"?>
<iTeroExport Version="3.0">
	<RxInfo>
		<OrderID>43495989</OrderID>
		<OrderCode>01H315ET</OrderCode>
		<CaseTypeID>5</CaseTypeID>
		<CaseTypeName>iCast</CaseTypeName>
		<Patient>BILAL, ABDULEV</Patient>
		<Doctor>BABAYIGIT, Cihan</Doctor>
		<DoctorID>394443</DoctorID>
		<DoctorLicense>87941</DoctorLicense>
		<DoctorCompanyID>87941</DoctorCompanyID>
		<LabID>-1</LabID>
		<PracticeShipToAddress>223 Route de Schirmeck Strasbourg N/A France 67200</PracticeShipToAddress>
		<ExportTime>10/06/2021 12:23:20</ExportTime>
		<UtcOffset>0</UtcOffset>
		<CaaSVersion>0.7.0.104</CaaSVersion>
		<iTeroVersion/>
	</RxInfo>
	<ExportedObjects>
		<Object ObjectType="Image" SubType="Gallery" FileName="gallery_#43495989.jpg"/>
		<Object ObjectType="Surface" SubType="Jaw" JawId="Lower" FileName="43495989_shell_occlusion_l.stl"/>
		<Object ObjectType="Surface" SubType="Jaw" JawId="Upper" FileName="43495989_shell_occlusion_u.stl"/>
	</ExportedObjects>
</iTeroExport>
